scene_a,scene_b,short_a,short_b,family_a,family_b,a_fc_clear,b_fc_clear,a_semantic_clear,b_semantic_clear,block24_cosine,final_cosine,final_minus_block24
scene_fc_blocked_v01,scene_fc_blocked_v02,B1,B2,FC_BLOCKED,FC_BLOCKED,False,False,False,False,0.9991872383114773,0.9907153986314754,-0.00847183968000187
scene_fc_blocked_v01,scene_fc_blocked_v03,B1,B3,FC_BLOCKED,FC_BLOCKED,False,False,False,False,0.9988956215380476,0.9845683130883416,-0.014327308449705978
scene_fc_blocked_v01,scene_fc_blocked_v04,B1,B4,FC_BLOCKED,FC_BLOCKED,False,False,False,False,0.9981733605141899,0.988040348242401,-0.010133012271788977
scene_fc_blocked_v01,scene_fc_blocked_v05,B1,B5,FC_BLOCKED,FC_BLOCKED,False,False,False,False,0.999319009109507,0.9914867639838767,-0.0078322451256303
scene_fc_blocked_v01,scene_fc_clear_v01,B1,C1,FC_BLOCKED,FC_CLEAR,False,True,False,True,0.9991601482615489,0.9608264116683647,-0.038333736593184176
scene_fc_blocked_v01,scene_fc_clear_v02,B1,C2,FC_BLOCKED,FC_CLEAR,False,True,False,True,0.9991869168117267,0.9629896139547505,-0.0361973028569762
scene_fc_blocked_v01,scene_fc_clear_v03,B1,C3,FC_BLOCKED,FC_CLEAR,False,True,False,True,0.9993259143571779,0.9631765483136706,-0.03614936604350727
scene_fc_blocked_v01,scene_fc_clear_v04,B1,C4,FC_BLOCKED,FC_CLEAR,False,True,False,True,0.9991681486477494,0.9618996785097578,-0.037268470137991616
scene_fc_blocked_v01,scene_fc_clear_v05,B1,C5,FC_BLOCKED,FC_CLEAR,False,True,False,False,0.9992674140748974,0.9882820133604058,-0.010985400714491611
scene_fc_blocked_v01,scene_lift_and_relocate_v01,B1,L1,FC_BLOCKED,LIFT_AND_RELOCATE,False,False,False,False,0.997938247051079,0.97975635812379,-0.018181888927289003
scene_fc_blocked_v01,scene_lift_and_relocate_v02,B1,L2,FC_BLOCKED,LIFT_AND_RELOCATE,False,False,False,False,0.9983426227572239,0.9815335908203698,-0.016809031936854013
scene_fc_blocked_v01,scene_lift_and_relocate_v03,B1,L3,FC_BLOCKED,LIFT_AND_RELOCATE,False,False,False,False,0.9980284795077277,0.97242389908779,-0.025604580419937628
scene_fc_blocked_v01,scene_lift_and_relocate_v04,B1,L4,FC_BLOCKED,LIFT_AND_RELOCATE,False,False,False,False,0.9987917605509606,0.9770648333216302,-0.02172692722933045
scene_fc_blocked_v01,scene_lift_and_relocate_v05,B1,L5,FC_BLOCKED,LIFT_AND_RELOCATE,False,False,False,False,0.9985884875370141,0.9762958374950624,-0.02229265004195169
scene_fc_blocked_v01,scene_rotate_v01,B1,R1,FC_BLOCKED,ROTATE,False,False,False,False,0.998498802244215,0.963886355035805,-0.03461244720840995
scene_fc_blocked_v01,scene_rotate_v02,B1,R2,FC_BLOCKED,ROTATE,False,False,False,False,0.9986420622023324,0.9539189261863288,-0.04472313601600364
scene_fc_blocked_v01,scene_rotate_v03,B1,R3,FC_BLOCKED,ROTATE,False,False,False,False,0.9982930424979404,0.9590235052123945,-0.03926953728554583
scene_fc_blocked_v01,scene_rotate_v04,B1,R4,FC_BLOCKED,ROTATE,False,False,False,False,0.9985190520288398,0.9613006398395922,-0.037218412189247596
scene_fc_blocked_v01,scene_rotate_v05,B1,R5,FC_BLOCKED,ROTATE,False,False,False,False,0.9976158626927738,0.9598758490980731,-0.037740013594700694
scene_fc_blocked_v01,scene_translate_v01,B1,T1,FC_BLOCKED,TRANSLATE,False,False,False,False,0.9981892316619388,0.9844155200783713,-0.01377371158356755
scene_fc_blocked_v01,scene_translate_v02,B1,T2,FC_BLOCKED,TRANSLATE,False,False,False,False,0.9983048392369699,0.9869435817722347,-0.011361257464735153
scene_fc_blocked_v01,scene_translate_v03,B1,T3,FC_BLOCKED,TRANSLATE,False,False,False,False,0.9977729195096435,0.9612049034799459,-0.036568016029697614
scene_fc_blocked_v01,scene_translate_v04,B1,T4,FC_BLOCKED,TRANSLATE,False,False,False,False,0.9979325500663629,0.9662647834509417,-0.031667766615421256
scene_fc_blocked_v01,scene_translate_v05,B1,T5,FC_BLOCKED,TRANSLATE,False,False,False,False,0.9986299301495717,0.9678428244884356,-0.03078710566113607
scene_fc_blocked_v02,scene_fc_blocked_v03,B2,B3,FC_BLOCKED,FC_BLOCKED,False,False,False,False,0.9984689957309738,0.9949313421673752,-0.003537653563598586
scene_fc_blocked_v02,scene_fc_blocked_v04,B2,B4,FC_BLOCKED,FC_BLOCKED,False,False,False,False,0.998288160264192,0.9970750251344156,-0.0012131351297763882
scene_fc_blocked_v02,scene_fc_blocked_v05,B2,B5,FC_BLOCKED,FC_BLOCKED,False,False,False,False,0.998913841648321,0.9969226619640845,-0.001991179684236455
scene_fc_blocked_v02,scene_fc_clear_v01,B2,C1,FC_BLOCKED,FC_CLEAR,False,True,False,True,0.9986849831818574,0.97896534882649,-0.019719634355367388
scene_fc_blocked_v02,scene_fc_clear_v02,B2,C2,FC_BLOCKED,FC_CLEAR,False,True,False,True,0.998767659840026,0.9825993767103519,-0.01616828312967411
scene_fc_blocked_v02,scene_fc_clear_v03,B2,C3,FC_BLOCKED,FC_CLEAR,False,True,False,True,0.9987392566737557,0.9823478333442022,-0.016391423329553567
scene_fc_blocked_v02,scene_fc_clear_v04,B2,C4,FC_BLOCKED,FC_CLEAR,False,True,False,True,0.9987115438730583,0.9805120822187022,-0.01819946165435604
scene_fc_blocked_v02,scene_fc_clear_v05,B2,C5,FC_BLOCKED,FC_CLEAR,False,True,False,False,0.998713063698732,0.9956637003008366,-0.0030493633978954104
scene_fc_blocked_v02,scene_lift_and_relocate_v01,B2,L1,FC_BLOCKED,LIFT_AND_RELOCATE,False,False,False,False,0.9985656138383697,0.9926001083544372,-0.005965505483932487
scene_fc_blocked_v02,scene_lift_and_relocate_v02,B2,L2,FC_BLOCKED,LIFT_AND_RELOCATE,False,False,False,False,0.9988110398229344,0.994482534915767,-0.0043285049071674075
scene_fc_blocked_v02,scene_lift_and_relocate_v03,B2,L3,FC_BLOCKED,LIFT_AND_RELOCATE,False,False,False,False,0.9986037511460522,0.9894575456277654,-0.00914620551828671
scene_fc_blocked_v02,scene_lift_and_relocate_v04,B2,L4,FC_BLOCKED,LIFT_AND_RELOCATE,False,False,False,False,0.9983252988711939,0.9909392090459275,-0.007386089825266451
scene_fc_blocked_v02,scene_lift_and_relocate_v05,B2,L5,FC_BLOCKED,LIFT_AND_RELOCATE,False,False,False,False,0.9982509654687907,0.990833417652438,-0.007417547816352621
scene_fc_blocked_v02,scene_rotate_v01,B2,R1,FC_BLOCKED,ROTATE,False,False,False,False,0.9980630037545943,0.9838147202178362,-0.01424828353675811
scene_fc_blocked_v02,scene_rotate_v02,B2,R2,FC_BLOCKED,ROTATE,False,False,False,False,0.9981324719616858,0.9760621932281145,-0.022070278733571258
scene_fc_blocked_v02,scene_rotate_v03,B2,R3,FC_BLOCKED,ROTATE,False,False,False,False,0.9979671208513874,0.9799789019864489,-0.01798821886493851
scene_fc_blocked_v02,scene_rotate_v04,B2,R4,FC_BLOCKED,ROTATE,False,False,False,False,0.9979856332560215,0.9809133242429602,-0.017072309013061338
scene_fc_blocked_v02,scene_rotate_v05,B2,R5,FC_BLOCKED,ROTATE,False,False,False,False,0.998200226728851,0.9818627924301154,-0.016337434298735576
scene_fc_blocked_v02,scene_translate_v01,B2,T1,FC_BLOCKED,TRANSLATE,False,False,False,False,0.9977228134392427,0.9937766553231233,-0.003946158116119425
scene_fc_blocked_v02,scene_translate_v02,B2,T2,FC_BLOCKED,TRANSLATE,False,False,False,False,0.9987186212730865,0.9917208517856052,-0.00699776948748132
scene_fc_blocked_v02,scene_translate_v03,B2,T3,FC_BLOCKED,TRANSLATE,False,False,False,False,0.9982176052816806,0.9807592371452485,-0.01745836813643209
scene_fc_blocked_v02,scene_translate_v04,B2,T4,FC_BLOCKED,TRANSLATE,False,False,False,False,0.9984296984583644,0.9849531009470657,-0.013476597511298705
scene_fc_blocked_v02,scene_translate_v05,B2,T5,FC_BLOCKED,TRANSLATE,False,False,False,False,0.9980634377017757,0.9854682707178001,-0.01259516698397567
scene_fc_blocked_v03,scene_fc_blocked_v04,B3,B4,FC_BLOCKED,FC_BLOCKED,False,False,False,False,0.99781072727619,0.9960970787484336,-0.0017136485277564617
scene_fc_blocked_v03,scene_fc_blocked_v05,B3,B5,FC_BLOCKED,FC_BLOCKED,False,False,False,False,0.9992952949889504,0.990997045635127,-0.008298249353823395
scene_fc_blocked_v03,scene_fc_clear_v01,B3,C1,FC_BLOCKED,FC_CLEAR,False,True,False,True,0.9990839059736243,0.981586395491696,-0.01749751048192827
scene_fc_blocked_v03,scene_fc_clear_v02,B3,C2,FC_BLOCKED,FC_CLEAR,False,True,False,True,0.9987849237883253,0.9852807628017862,-0.01350416098653906
scene_fc_blocked_v03,scene_fc_clear_v03,B3,C3,FC_BLOCKED,FC_CLEAR,False,True,False,True,0.9987176322625977,0.9878849678515385,-0.010832664411059234
scene_fc_blocked_v03,scene_fc_clear_v04,B3,C4,FC_BLOCKED,FC_CLEAR,False,True,False,True,0.9988112804778502,0.9835950403385962,-0.015216240139253934
scene_fc_blocked_v03,scene_fc_clear_v05,B3,C5,FC_BLOCKED,FC_CLEAR,False,True,False,False,0.9991262920553462,0.9956655388948927,-0.003460753160453467
scene_fc_blocked_v03,scene_lift_and_relocate_v01,B3,L1,FC_BLOCKED,LIFT_AND_RELOCATE,False,False,False,False,0.9977082197156734,0.9934252508243626,-0.0042829688913107455
scene_fc_blocked_v03,scene_lift_and_relocate_v02,B3,L2,FC_BLOCKED,LIFT_AND_RELOCATE,False,False,False,False,0.9978910530052999,0.9939695752866549,-0.003921477718645039
scene_fc_blocked_v03,scene_lift_and_relocate_v03,B3,L3,FC_BLOCKED,LIFT_AND_RELOCATE,False,False,False,False,0.9981040838209145,0.9896455143938933,-0.008458569427021279
scene_fc_blocked_v03,scene_lift_and_relocate_v04,B3,L4,FC_BLOCKED,LIFT_AND_RELOCATE,False,False,False,False,0.9986218270642904,0.9882545606782153,-0.010367266386075102
scene_fc_blocked_v03,scene_lift_and_relocate_v05,B3,L5,FC_BLOCKED,LIFT_AND_RELOCATE,False,False,False,False,0.9982261253542092,0.9919147865503273,-0.006311338803881905
scene_fc_blocked_v03,scene_rotate_v01,B3,R1,FC_BLOCKED,ROTATE,False,False,False,False,0.9982814188321686,0.9879462857840555,-0.010335133048113065
scene_fc_blocked_v03,scene_rotate_v02,B3,R2,FC_BLOCKED,ROTATE,False,False,False,False,0.9983409507469276,0.9825976849272903,-0.015743265819637364
scene_fc_blocked_v03,scene_rotate_v03,B3,R3,FC_BLOCKED,ROTATE,False,False,False,False,0.9987858659029105,0.9814942199271649,-0.017291645975745618
scene_fc_blocked_v03,scene_rotate_v04,B3,R4,FC_BLOCKED,ROTATE,False,False,False,False,0.998215128116719,0.9869416010282144,-0.011273527088504598
scene_fc_blocked_v03,scene_rotate_v05,B3,R5,FC_BLOCKED,ROTATE,False,False,False,False,0.9979755781988215,0.9851900543734773,-0.012785523825344258
scene_fc_blocked_v03,scene_translate_v01,B3,T1,FC_BLOCKED,TRANSLATE,False,False,False,False,0.9976863092326004,0.9939402067888573,-0.0037461024437430712
scene_fc_blocked_v03,scene_translate_v02,B3,T2,FC_BLOCKED,TRANSLATE,False,False,False,False,0.9984315259318902,0.991201986778387,-0.007229539153503217
scene_fc_blocked_v03,scene_translate_v03,B3,T3,FC_BLOCKED,TRANSLATE,False,False,False,False,0.9981797999979893,0.9858552688912028,-0.012324531106786552
scene_fc_blocked_v03,scene_translate_v04,B3,T4,FC_BLOCKED,TRANSLATE,False,False,False,False,0.9981968274860893,0.9876907520689076,-0.010506075417181737
scene_fc_blocked_v03,scene_translate_v05,B3,T5,FC_BLOCKED,TRANSLATE,False,False,False,False,0.9984513553850283,0.9889387358560298,-0.009512619528998512
scene_fc_blocked_v04,scene_fc_blocked_v05,B4,B5,FC_BLOCKED,FC_BLOCKED,False,False,False,False,0.9984113155558909,0.9949382537753966,-0.0034730617804943353
scene_fc_blocked_v04,scene_fc_clear_v01,B4,C1,FC_BLOCKED,FC_CLEAR,False,True,False,True,0.997954616989214,0.9798026302347256,-0.01815198675448837
scene_fc_blocked_v04,scene_fc_clear_v02,B4,C2,FC_BLOCKED,FC_CLEAR,False,True,False,True,0.9979669089903511,0.9831993373844007,-0.014767571605950436
scene_fc_blocked_v04,scene_fc_clear_v03,B4,C3,FC_BLOCKED,FC_CLEAR,False,True,False,True,0.9978758266469907,0.983890260252746,-0.013985566394244753
scene_fc_blocked_v04,scene_fc_clear_v04,B4,C4,FC_BLOCKED,FC_CLEAR,False,True,False,True,0.9980285992649236,0.981308042389071,-0.01672055687585261
scene_fc_blocked_v04,scene_fc_clear_v05,B4,C5,FC_BLOCKED,FC_CLEAR,False,True,False,False,0.9980295331338818,0.9972296013515525,-0.0007999317823292884
scene_fc_blocked_v04,scene_lift_and_relocate_v01,B4,L1,FC_BLOCKED,LIFT_AND_RELOCATE,False,False,False,False,0.9974671155152002,0.992919559029231,-0.004547556485969162
scene_fc_blocked_v04,scene_lift_and_relocate_v02,B4,L2,FC_BLOCKED,LIFT_AND_RELOCATE,False,False,False,False,0.9976779997863369,0.9947417505894127,-0.0029362491969241455
scene_fc_blocked_v04,scene_lift_and_relocate_v03,B4,L3,FC_BLOCKED,LIFT_AND_RELOCATE,False,False,False,False,0.9973522256368846,0.9877286952066979,-0.00962353043018671
scene_fc_blocked_v04,scene_lift_and_relocate_v04,B4,L4,FC_BLOCKED,LIFT_AND_RELOCATE,False,False,False,False,0.9975594260136577,0.9888949421957705,-0.008664483817887203
scene_fc_blocked_v04,scene_lift_and_relocate_v05,B4,L5,FC_BLOCKED,LIFT_AND_RELOCATE,False,False,False,False,0.9974138503411587,0.9921784616623999,-0.005235388678758834
scene_fc_blocked_v04,scene_rotate_v01,B4,R1,FC_BLOCKED,ROTATE,False,False,False,False,0.9973310109116744,0.9848158070418439,-0.012515203869830516
scene_fc_blocked_v04,scene_rotate_v02,B4,R2,FC_BLOCKED,ROTATE,False,False,False,False,0.997222154885811,0.9779604636005949,-0.019261691285216154
scene_fc_blocked_v04,scene_rotate_v03,B4,R3,FC_BLOCKED,ROTATE,False,False,False,False,0.997197896953636,0.978939434102587,-0.01825846285104904
scene_fc_blocked_v04,scene_rotate_v04,B4,R4,FC_BLOCKED,ROTATE,False,False,False,False,0.9972090031504391,0.9829842328685661,-0.014224770281873078
scene_fc_blocked_v04,scene_rotate_v05,B4,R5,FC_BLOCKED,ROTATE,False,False,False,False,0.9969234213194416,0.9832817505964828,-0.013641670722958743
scene_fc_blocked_v04,scene_translate_v01,B4,T1,FC_BLOCKED,TRANSLATE,False,False,False,False,0.9966210593629383,0.9926361264905557,-0.003984932872382663
scene_fc_blocked_v04,scene_translate_v02,B4,T2,FC_BLOCKED,TRANSLATE,False,False,False,False,0.9977389235261813,0.992869996819747,-0.004868926706434351
scene_fc_blocked_v04,scene_translate_v03,B4,T3,FC_BLOCKED,TRANSLATE,False,False,False,False,0.9970930843018543,0.982789854059854,-0.014303230242000309
scene_fc_blocked_v04,scene_translate_v04,B4,T4,FC_BLOCKED,TRANSLATE,False,False,False,False,0.9975855023201681,0.984562825717427,-0.013022676602741035
scene_fc_blocked_v04,scene_translate_v05,B4,T5,FC_BLOCKED,TRANSLATE,False,False,False,False,0.9974553058579685,0.986328694189987,-0.011126611667981456
scene_fc_blocked_v05,scene_fc_clear_v01,B5,C1,FC_BLOCKED,FC_CLEAR,False,True,False,True,0.9993365473289255,0.9751958680612742,-0.024140679267651288
scene_fc_blocked_v05,scene_fc_clear_v02,B5,C2,FC_BLOCKED,FC_CLEAR,False,True,False,True,0.9991090507170749,0.9782486754605939,-0.02086037525648099
scene_fc_blocked_v05,scene_fc_clear_v03,B5,C3,FC_BLOCKED,FC_CLEAR,False,True,False,True,0.9991920523656426,0.9769051587796738,-0.022286893585968803
scene_fc_blocked_v05,scene_fc_clear_v04,B5,C4,FC_BLOCKED,FC_CLEAR,False,True,False,True,0.9992954148570998,0.9767888358940028,-0.022506578963097046
scene_fc_blocked_v05,scene_fc_clear_v05,B5,C5,FC_BLOCKED,FC_CLEAR,False,True,False,False,0.9993935680351064,0.9947403450800338,-0.0046532229550725335
scene_fc_blocked_v05,scene_lift_and_relocate_v01,B5,L1,FC_BLOCKED,LIFT_AND_RELOCATE,False,False,False,False,0.9981264112566126,0.9911879852978291,-0.006938425958783467
scene_fc_blocked_v05,scene_lift_and_relocate_v02,B5,L2,FC_BLOCKED,LIFT_AND_RELOCATE,False,False,False,False,0.9984215455494517,0.9924547322822295,-0.00596681326722226
scene_fc_blocked_v05,scene_lift_and_relocate_v03,B5,L3,FC_BLOCKED,LIFT_AND_RELOCATE,False,False,False,False,0.9981418416210565,0.9860752933219199,-0.012066548299136559
scene_fc_blocked_v05,scene_lift_and_relocate_v04,B5,L4,FC_BLOCKED,LIFT_AND_RELOCATE,False,False,False,False,0.9988675785168595,0.9911821850406579,-0.007685393476201563
scene_fc_blocked_v05,scene_lift_and_relocate_v05,B5,L5,FC_BLOCKED,LIFT_AND_RELOCATE,False,False,False,False,0.9986533060947337,0.9885045463847427,-0.010148759709990962
scene_fc_blocked_v05,scene_rotate_v01,B5,R1,FC_BLOCKED,ROTATE,False,False,False,False,0.9985560826753064,0.9807048974627448,-0.01785118521256157
scene_fc_blocked_v05,scene_rotate_v02,B5,R2,FC_BLOCKED,ROTATE,False,False,False,False,0.9986416673580425,0.973150522505319,-0.025491144852723524
scene_fc_blocked_v05,scene_rotate_v03,B5,R3,FC_BLOCKED,ROTATE,False,False,False,False,0.9985496996729027,0.9790455638905,-0.01950413578240273
scene_fc_blocked_v05,scene_rotate_v04,B5,R4,FC_BLOCKED,ROTATE,False,False,False,False,0.9985574662593112,0.9779072787200739,-0.020650187539237308
scene_fc_blocked_v05,scene_rotate_v05,B5,R5,FC_BLOCKED,ROTATE,False,False,False,False,0.9979494841385343,0.9790786115156588,-0.018870872622875567
scene_fc_blocked_v05,scene_translate_v01,B5,T1,FC_BLOCKED,TRANSLATE,False,False,False,False,0.9980547803880676,0.9917163127345473,-0.006338467653520308
scene_fc_blocked_v05,scene_translate_v02,B5,T2,FC_BLOCKED,TRANSLATE,False,False,False,False,0.9984263634000364,0.9928342038720699,-0.005592159527966545
scene_fc_blocked_v05,scene_translate_v03,B5,T3,FC_BLOCKED,TRANSLATE,False,False,False,False,0.9980517274487242,0.9779453303124145,-0.020106397136309684
scene_fc_blocked_v05,scene_translate_v04,B5,T4,FC_BLOCKED,TRANSLATE,False,False,False,False,0.9981123238074927,0.9834925629328695,-0.014619760874623244
scene_fc_blocked_v05,scene_translate_v05,B5,T5,FC_BLOCKED,TRANSLATE,False,False,False,False,0.9986258760979319,0.9846135166512119,-0.014012359446719969
scene_fc_clear_v01,scene_fc_clear_v02,C1,C2,FC_CLEAR,FC_CLEAR,True,True,True,True,0.9994248597969277,0.997770895123751,-0.0016539646731767998
scene_fc_clear_v01,scene_fc_clear_v03,C1,C3,FC_CLEAR,FC_CLEAR,True,True,True,True,0.9993101965329827,0.9954873555047202,-0.003822841028262469
scene_fc_clear_v01,scene_fc_clear_v04,C1,C4,FC_CLEAR,FC_CLEAR,True,True,True,True,0.9994543123650138,0.9988046609786185,-0.000649651386395278
scene_fc_clear_v01,scene_fc_clear_v05,C1,C5,FC_CLEAR,FC_CLEAR,True,True,True,False,0.999356992104967,0.978763463798278,-0.020593528306688924
scene_fc_clear_v01,scene_lift_and_relocate_v01,C1,L1,FC_CLEAR,LIFT_AND_RELOCATE,True,False,True,False,0.997807682973851,0.9837409375597849,-0.014066745414066162
scene_fc_clear_v01,scene_lift_and_relocate_v02,C1,L2,FC_CLEAR,LIFT_AND_RELOCATE,True,False,True,False,0.9981308731893396,0.9832607293821762,-0.014870143807163339
scene_fc_clear_v01,scene_lift_and_relocate_v03,C1,L3,FC_CLEAR,LIFT_AND_RELOCATE,True,False,True,False,0.9979075106553609,0.9829034403975179,-0.015004070257843005
scene_fc_clear_v01,scene_lift_and_relocate_v04,C1,L4,FC_CLEAR,LIFT_AND_RELOCATE,True,False,True,False,0.9987687491126471,0.980979578862512,-0.017789170250135156
scene_fc_clear_v01,scene_lift_and_relocate_v05,C1,L5,FC_CLEAR,LIFT_AND_RELOCATE,True,False,True,False,0.998569994085307,0.985585133447777,-0.012984860637530016
scene_fc_clear_v01,scene_rotate_v01,C1,R1,FC_CLEAR,ROTATE,True,False,True,False,0.998789672696439,0.9920317935449954,-0.006757879151443658
scene_fc_clear_v01,scene_rotate_v02,C1,R2,FC_CLEAR,ROTATE,True,False,True,False,0.9989492423184136,0.98803907695071,-0.010910165367703617
scene_fc_clear_v01,scene_rotate_v03,C1,R3,FC_CLEAR,ROTATE,True,False,True,False,0.9986827304231112,0.9844743619834597,-0.014208368439651453
scene_fc_clear_v01,scene_rotate_v04,C1,R4,FC_CLEAR,ROTATE,True,False,True,False,0.998741066736486,0.9903696742305246,-0.008371392505961417
scene_fc_clear_v01,scene_rotate_v05,C1,R5,FC_CLEAR,ROTATE,True,False,True,False,0.9980089581807836,0.991636872394322,-0.006372085786461645
scene_fc_clear_v01,scene_translate_v01,C1,T1,FC_CLEAR,TRANSLATE,True,False,True,False,0.9982709491156723,0.9779456725656983,-0.02032527654997396
scene_fc_clear_v01,scene_translate_v02,C1,T2,FC_CLEAR,TRANSLATE,True,False,True,False,0.9982513121351237,0.9746676438867479,-0.023583668248375877
scene_fc_clear_v01,scene_translate_v03,C1,T3,FC_CLEAR,TRANSLATE,True,False,True,False,0.9982588700828805,0.9870266586613821,-0.01123221142149844
scene_fc_clear_v01,scene_translate_v04,C1,T4,FC_CLEAR,TRANSLATE,True,False,True,False,0.9981547713492303,0.9840073844709788,-0.014147386878251456
scene_fc_clear_v01,scene_translate_v05,C1,T5,FC_CLEAR,TRANSLATE,True,False,True,False,0.9986081823603754,0.9841680584679684,-0.014440123892407009
scene_fc_clear_v02,scene_fc_clear_v03,C2,C3,FC_CLEAR,FC_CLEAR,True,True,True,True,0.9993430790923019,0.9973046058692432,-0.0020384732230587232
scene_fc_clear_v02,scene_fc_clear_v04,C2,C4,FC_CLEAR,FC_CLEAR,True,True,True,True,0.999213031902658,0.9986363246691887,-0.0005767072334692536
scene_fc_clear_v02,scene_fc_clear_v05,C2,C5,FC_CLEAR,FC_CLEAR,True,True,True,False,0.9991490778961875,0.9818813998016569,-0.01726767809453056
scene_fc_clear_v02,scene_lift_and_relocate_v01,C2,L1,FC_CLEAR,LIFT_AND_RELOCATE,True,False,True,False,0.9978496196679846,0.9872132073179056,-0.01063641235007895
scene_fc_clear_v02,scene_lift_and_relocate_v02,C2,L2,FC_CLEAR,LIFT_AND_RELOCATE,True,False,True,False,0.9981716669683022,0.9869562544665926,-0.011215412501709543
scene_fc_clear_v02,scene_lift_and_relocate_v03,C2,L3,FC_CLEAR,LIFT_AND_RELOCATE,True,False,True,False,0.9979066341740632,0.9864042523171617,-0.011502381856901556
scene_fc_clear_v02,scene_lift_and_relocate_v04,C2,L4,FC_CLEAR,LIFT_AND_RELOCATE,True,False,True,False,0.998557794924438,0.9843308756704148,-0.014226919254023196
scene_fc_clear_v02,scene_lift_and_relocate_v05,C2,L5,FC_CLEAR,LIFT_AND_RELOCATE,True,False,True,False,0.9983676504315199,0.9896221398014808,-0.008745510630039033
scene_fc_clear_v02,scene_rotate_v01,C2,R1,FC_CLEAR,ROTATE,True,False,True,False,0.9987264666560914,0.9956471148849759,-0.0030793517711155127
scene_fc_clear_v02,scene_rotate_v02,C2,R2,FC_CLEAR,ROTATE,True,False,True,False,0.9987971247924674,0.9918512019523453,-0.006945922840122076
scene_fc_clear_v02,scene_rotate_v03,C2,R3,FC_CLEAR,ROTATE,True,False,True,False,0.9983796088105696,0.988671855360975,-0.009707753449594625
scene_fc_clear_v02,scene_rotate_v04,C2,R4,FC_CLEAR,ROTATE,True,False,True,False,0.998620941091146,0.9938314257365236,-0.0047895153546223534
scene_fc_clear_v02,scene_rotate_v05,C2,R5,FC_CLEAR,ROTATE,True,False,True,False,0.9979729904833606,0.9949531641541371,-0.003019826329223485
scene_fc_clear_v02,scene_translate_v01,C2,T1,FC_CLEAR,TRANSLATE,True,False,True,False,0.9983617685296388,0.9817531140380502,-0.016608654491588548
scene_fc_clear_v02,scene_translate_v02,C2,T2,FC_CLEAR,TRANSLATE,True,False,True,False,0.9985157321071901,0.9773624590063481,-0.02115327310084203
scene_fc_clear_v02,scene_translate_v03,C2,T3,FC_CLEAR,TRANSLATE,True,False,True,False,0.9981162854846328,0.9913204986263504,-0.0067957868582824155
scene_fc_clear_v02,scene_translate_v04,C2,T4,FC_CLEAR,TRANSLATE,True,False,True,False,0.9984389110568223,0.9882535970665801,-0.01018531399024214
scene_fc_clear_v02,scene_translate_v05,C2,T5,FC_CLEAR,TRANSLATE,True,False,True,False,0.9986622388088716,0.9884700377216464,-0.010192201087225183
scene_fc_clear_v03,scene_fc_clear_v04,C3,C4,FC_CLEAR,FC_CLEAR,True,True,True,True,0.999430341624224,0.9962543120628639,-0.003176029561360094
scene_fc_clear_v03,scene_fc_clear_v05,C3,C5,FC_CLEAR,FC_CLEAR,True,True,True,False,0.9992865247235012,0.9818914532592646,-0.017395071464236578
scene_fc_clear_v03,scene_lift_and_relocate_v01,C3,L1,FC_CLEAR,LIFT_AND_RELOCATE,True,False,True,False,0.9976077354056923,0.9859733400220201,-0.01163439538367217
scene_fc_clear_v03,scene_lift_and_relocate_v02,C3,L2,FC_CLEAR,LIFT_AND_RELOCATE,True,False,True,False,0.9981577884441245,0.9864032287367437,-0.011754559707380818
scene_fc_clear_v03,scene_lift_and_relocate_v03,C3,L3,FC_CLEAR,LIFT_AND_RELOCATE,True,False,True,False,0.997750863423762,0.985629070502144,-0.012121792921617969
scene_fc_clear_v03,scene_lift_and_relocate_v04,C3,L4,FC_CLEAR,LIFT_AND_RELOCATE,True,False,True,False,0.9984503091698982,0.9836347727430967,-0.014815536426801446
scene_fc_clear_v03,scene_lift_and_relocate_v05,C3,L5,FC_CLEAR,LIFT_AND_RELOCATE,True,False,True,False,0.9984617772769427,0.9886215773570732,-0.009840199919869508
scene_fc_clear_v03,scene_rotate_v01,C3,R1,FC_CLEAR,ROTATE,True,False,True,False,0.9985375689058669,0.9945520014876879,-0.003985567418179015
scene_fc_clear_v03,scene_rotate_v02,C3,R2,FC_CLEAR,ROTATE,True,False,True,False,0.9987706415484721,0.9918800216971302,-0.006890619851341873
scene_fc_clear_v03,scene_rotate_v03,C3,R3,FC_CLEAR,ROTATE,True,False,True,False,0.9982167561775734,0.9871641653189371,-0.011052590858636302
scene_fc_clear_v03,scene_rotate_v04,C3,R4,FC_CLEAR,ROTATE,True,False,True,False,0.9985255802566817,0.9941088649619372,-0.004416715294744522
scene_fc_clear_v03,scene_rotate_v05,C3,R5,FC_CLEAR,ROTATE,True,False,True,False,0.9976647198389729,0.9930002760802705,-0.004664443758702341
scene_fc_clear_v03,scene_translate_v01,C3,T1,FC_CLEAR,TRANSLATE,True,False,True,False,0.9981774580661438,0.9818320482188198,-0.01634540984732402
scene_fc_clear_v03,scene_translate_v02,C3,T2,FC_CLEAR,TRANSLATE,True,False,True,False,0.9982342665107543,0.9766602204083094,-0.021574046102444955
scene_fc_clear_v03,scene_translate_v03,C3,T3,FC_CLEAR,TRANSLATE,True,False,True,False,0.9978562972355001,0.9904961937832344,-0.007360103452265676
scene_fc_clear_v03,scene_translate_v04,C3,T4,FC_CLEAR,TRANSLATE,True,False,True,False,0.9979551198936354,0.9881340308673914,-0.009821089026244012
scene_fc_clear_v03,scene_translate_v05,C3,T5,FC_CLEAR,TRANSLATE,True,False,True,False,0.9984100399819433,0.9877426167153812,-0.010667423266562115
scene_fc_clear_v04,scene_fc_clear_v05,C4,C5,FC_CLEAR,FC_CLEAR,True,True,True,False,0.999241519686604,0.9801937495915507,-0.019047770095053318
scene_fc_clear_v04,scene_lift_and_relocate_v01,C4,L1,FC_CLEAR,LIFT_AND_RELOCATE,True,False,True,False,0.9977672185606293,0.9853784419485936,-0.012388776612035746
scene_fc_clear_v04,scene_lift_and_relocate_v02,C4,L2,FC_CLEAR,LIFT_AND_RELOCATE,True,False,True,False,0.9980215930076675,0.9846654352383625,-0.013356157769304988
scene_fc_clear_v04,scene_lift_and_relocate_v03,C4,L3,FC_CLEAR,LIFT_AND_RELOCATE,True,False,True,False,0.9977960660198516,0.9847361573676158,-0.01305990865223583
scene_fc_clear_v04,scene_lift_and_relocate_v04,C4,L4,FC_CLEAR,LIFT_AND_RELOCATE,True,False,True,False,0.9985021902348418,0.9822290169468914,-0.016273173287950415
scene_fc_clear_v04,scene_lift_and_relocate_v05,C4,L5,FC_CLEAR,LIFT_AND_RELOCATE,True,False,True,False,0.998401432593789,0.9872098268701854,-0.01119160572360356
scene_fc_clear_v04,scene_rotate_v01,C4,R1,FC_CLEAR,ROTATE,True,False,True,False,0.998484185761889,0.9940946105702345,-0.0043895751916545045
scene_fc_clear_v04,scene_rotate_v02,C4,R2,FC_CLEAR,ROTATE,True,False,True,False,0.9985705607211606,0.9900690541195689,-0.008501506601591657
scene_fc_clear_v04,scene_rotate_v03,C4,R3,FC_CLEAR,ROTATE,True,False,True,False,0.9984727359817714,0.9870366294076234,-0.011436106574148064
scene_fc_clear_v04,scene_rotate_v04,C4,R4,FC_CLEAR,ROTATE,True,False,True,False,0.9984288637420982,0.992228874269617,-0.006199989472481127
scene_fc_clear_v04,scene_rotate_v05,C4,R5,FC_CLEAR,ROTATE,True,False,True,False,0.9977391666582743,0.9930025590667269,-0.0047366075915474815
scene_fc_clear_v04,scene_translate_v01,C4,T1,FC_CLEAR,TRANSLATE,True,False,True,False,0.9979858289985741,0.980218002743181,-0.017767826255393082
scene_fc_clear_v04,scene_translate_v02,C4,T2,FC_CLEAR,TRANSLATE,True,False,True,False,0.9981624418858135,0.9758531027854542,-0.02230933910035926
scene_fc_clear_v04,scene_translate_v03,C4,T3,FC_CLEAR,TRANSLATE,True,False,True,False,0.9979068241899648,0.9892712240363745,-0.008635600153590328
scene_fc_clear_v04,scene_translate_v04,C4,T4,FC_CLEAR,TRANSLATE,True,False,True,False,0.998004269754091,0.9866976690860502,-0.01130660066804079
scene_fc_clear_v04,scene_translate_v05,C4,T5,FC_CLEAR,TRANSLATE,True,False,True,False,0.9983170544634725,0.9863794329520014,-0.011937621511471153
scene_fc_clear_v05,scene_lift_and_relocate_v01,C5,L1,FC_CLEAR,LIFT_AND_RELOCATE,True,False,False,False,0.9979133691199196,0.9938414432264053,-0.004071925893514239
scene_fc_clear_v05,scene_lift_and_relocate_v02,C5,L2,FC_CLEAR,LIFT_AND_RELOCATE,True,False,False,False,0.9983496365482933,0.99412730559859,-0.004222330949703368
scene_fc_clear_v05,scene_lift_and_relocate_v03,C5,L3,FC_CLEAR,LIFT_AND_RELOCATE,True,False,False,False,0.9980088625269775,0.9866475542488663,-0.011361308278111215
scene_fc_clear_v05,scene_lift_and_relocate_v04,C5,L4,FC_CLEAR,LIFT_AND_RELOCATE,True,False,False,False,0.9988262861403664,0.9885836677085644,-0.010242618431801964
scene_fc_clear_v05,scene_lift_and_relocate_v05,C5,L5,FC_CLEAR,LIFT_AND_RELOCATE,True,False,False,False,0.9986010126111645,0.9912006350095593,-0.007400377601605168
scene_fc_clear_v05,scene_rotate_v01,C5,R1,FC_CLEAR,ROTATE,True,False,False,False,0.9986959618359588,0.984022658447995,-0.014673303387963799
scene_fc_clear_v05,scene_rotate_v02,C5,R2,FC_CLEAR,ROTATE,True,False,False,False,0.9988330343166264,0.9765452697378493,-0.022287764578777125
scene_fc_clear_v05,scene_rotate_v03,C5,R3,FC_CLEAR,ROTATE,True,False,False,False,0.9984857860860978,0.9783290204542522,-0.020156765631845652
scene_fc_clear_v05,scene_rotate_v04,C5,R4,FC_CLEAR,ROTATE,True,False,False,False,0.9986675890132269,0.9820633245545507,-0.016604264458676243
scene_fc_clear_v05,scene_rotate_v05,C5,R5,FC_CLEAR,ROTATE,True,False,False,False,0.9976069861607381,0.9821552883750247,-0.015451697785713314
scene_fc_clear_v05,scene_translate_v01,C5,T1,FC_CLEAR,TRANSLATE,True,False,False,False,0.9981149610376838,0.9922688887735358,-0.005846072264148017
scene_fc_clear_v05,scene_translate_v02,C5,T2,FC_CLEAR,TRANSLATE,True,False,False,False,0.9983292405372026,0.9945533051873157,-0.0037759353498869608
scene_fc_clear_v05,scene_translate_v03,C5,T3,FC_CLEAR,TRANSLATE,True,False,False,False,0.9978630670319205,0.9820489360804218,-0.01581413095149875
scene_fc_clear_v05,scene_translate_v04,C5,T4,FC_CLEAR,TRANSLATE,True,False,False,False,0.9978389090944118,0.9843841000063757,-0.01345480908803609
scene_fc_clear_v05,scene_translate_v05,C5,T5,FC_CLEAR,TRANSLATE,True,False,False,False,0.9986199642301585,0.9865950058071582,-0.012024958423000331
scene_lift_and_relocate_v01,scene_lift_and_relocate_v02,L1,L2,LIFT_AND_RELOCATE,LIFT_AND_RELOCATE,False,False,False,False,0.9993625149577525,0.9979204156303468,-0.0014420993274056881
scene_lift_and_relocate_v01,scene_lift_and_relocate_v03,L1,L3,LIFT_AND_RELOCATE,LIFT_AND_RELOCATE,False,False,False,False,0.999206134343168,0.9946606716072139,-0.00454546273595402
scene_lift_and_relocate_v01,scene_lift_and_relocate_v04,L1,L4,LIFT_AND_RELOCATE,LIFT_AND_RELOCATE,False,False,False,False,0.9986261823897287,0.9944371078879,-0.0041890745018287046
scene_lift_and_relocate_v01,scene_lift_and_relocate_v05,L1,L5,LIFT_AND_RELOCATE,LIFT_AND_RELOCATE,False,False,False,False,0.9986611057467092,0.9970182767336957,-0.0016428290130134915
scene_lift_and_relocate_v01,scene_rotate_v01,L1,R1,LIFT_AND_RELOCATE,ROTATE,False,False,False,False,0.9984280242997565,0.9926683818199001,-0.005759642479856386
scene_lift_and_relocate_v01,scene_rotate_v02,L1,R2,LIFT_AND_RELOCATE,ROTATE,False,False,False,False,0.9983259040711352,0.98741037784981,-0.010915526221325189
scene_lift_and_relocate_v01,scene_rotate_v03,L1,R3,LIFT_AND_RELOCATE,ROTATE,False,False,False,False,0.9982054526599802,0.9891437900230796,-0.009061662636900558
scene_lift_and_relocate_v01,scene_rotate_v04,L1,R4,LIFT_AND_RELOCATE,ROTATE,False,False,False,False,0.9984030061341568,0.9909162438338743,-0.007486762300282446
scene_lift_and_relocate_v01,scene_rotate_v05,L1,R5,LIFT_AND_RELOCATE,ROTATE,False,False,False,False,0.9987022911733996,0.9906464051027386,-0.00805588607066099
scene_lift_and_relocate_v01,scene_translate_v01,L1,T1,LIFT_AND_RELOCATE,TRANSLATE,False,False,False,False,0.9971526776406024,0.994164265172971,-0.002988412467631485
scene_lift_and_relocate_v01,scene_translate_v02,L1,T2,LIFT_AND_RELOCATE,TRANSLATE,False,False,False,False,0.9984223446374334,0.995580723015133,-0.0028416216223003943
scene_lift_and_relocate_v01,scene_translate_v03,L1,T3,LIFT_AND_RELOCATE,TRANSLATE,False,False,False,False,0.9982904087232085,0.9919623846351904,-0.006328024088018136
scene_lift_and_relocate_v01,scene_translate_v04,L1,T4,LIFT_AND_RELOCATE,TRANSLATE,False,False,False,False,0.9981087437672773,0.9930392063128956,-0.005069537454381767
scene_lift_and_relocate_v01,scene_translate_v05,L1,T5,LIFT_AND_RELOCATE,TRANSLATE,False,False,False,False,0.9982176412789574,0.9954447477688426,-0.0027728935101147822
scene_lift_and_relocate_v02,scene_lift_and_relocate_v03,L2,L3,LIFT_AND_RELOCATE,LIFT_AND_RELOCATE,False,False,False,False,0.9992487302011428,0.9946532048843603,-0.004595525316782534
scene_lift_and_relocate_v02,scene_lift_and_relocate_v04,L2,L4,LIFT_AND_RELOCATE,LIFT_AND_RELOCATE,False,False,False,False,0.9986584603758836,0.9942673963571766,-0.004391064018706925
scene_lift_and_relocate_v02,scene_lift_and_relocate_v05,L2,L5,LIFT_AND_RELOCATE,LIFT_AND_RELOCATE,False,False,False,False,0.9989598187879855,0.997653382667111,-0.0013064361208744435
scene_lift_and_relocate_v02,scene_rotate_v01,L2,R1,LIFT_AND_RELOCATE,ROTATE,False,False,False,False,0.9984169630041144,0.9915988974420362,-0.006818065562078202
scene_lift_and_relocate_v02,scene_rotate_v02,L2,R2,LIFT_AND_RELOCATE,ROTATE,False,False,False,False,0.9985947078548951,0.9861399503185215,-0.012454757536373595
scene_lift_and_relocate_v02,scene_rotate_v03,L2,R3,LIFT_AND_RELOCATE,ROTATE,False,False,False,False,0.998314426597523,0.9874016852384173,-0.010912741359105693
scene_lift_and_relocate_v02,scene_rotate_v04,L2,R4,LIFT_AND_RELOCATE,ROTATE,False,False,False,False,0.9986604566761212,0.989666352936736,-0.00899410373938525
scene_lift_and_relocate_v02,scene_rotate_v05,L2,R5,LIFT_AND_RELOCATE,ROTATE,False,False,False,False,0.9988534573772068,0.9898479274017231,-0.00900552997548365
scene_lift_and_relocate_v02,scene_translate_v01,L2,T1,LIFT_AND_RELOCATE,TRANSLATE,False,False,False,False,0.9973946845560567,0.9942992431543756,-0.003095441401681165
scene_lift_and_relocate_v02,scene_translate_v02,L2,T2,LIFT_AND_RELOCATE,TRANSLATE,False,False,False,False,0.9985874831070574,0.9943653162149664,-0.004222166892090984
scene_lift_and_relocate_v02,scene_translate_v03,L2,T3,LIFT_AND_RELOCATE,TRANSLATE,False,False,False,False,0.9985720160688951,0.9901275643380645,-0.008444451730830638
scene_lift_and_relocate_v02,scene_translate_v04,L2,T4,LIFT_AND_RELOCATE,TRANSLATE,False,False,False,False,0.9982643076841746,0.9911036422679769,-0.007160665416197753
scene_lift_and_relocate_v02,scene_translate_v05,L2,T5,LIFT_AND_RELOCATE,TRANSLATE,False,False,False,False,0.9984172943474067,0.9940672119852979,-0.004350082362108765
scene_lift_and_relocate_v03,scene_lift_and_relocate_v04,L3,L4,LIFT_AND_RELOCATE,LIFT_AND_RELOCATE,False,False,False,False,0.998362309840962,0.9936134697328864,-0.004748840108075525
scene_lift_and_relocate_v03,scene_lift_and_relocate_v05,L3,L5,LIFT_AND_RELOCATE,LIFT_AND_RELOCATE,False,False,False,False,0.9986966423401639,0.9943030235417816,-0.004393618798382293
scene_lift_and_relocate_v03,scene_rotate_v01,L3,R1,LIFT_AND_RELOCATE,ROTATE,False,False,False,False,0.9981382982933872,0.9922741747981183,-0.00586412349526888
scene_lift_and_relocate_v03,scene_rotate_v02,L3,R2,LIFT_AND_RELOCATE,ROTATE,False,False,False,False,0.9982005009473804,0.9876370331097898,-0.010563467837590657
scene_lift_and_relocate_v03,scene_rotate_v03,L3,R3,LIFT_AND_RELOCATE,ROTATE,False,False,False,False,0.9985134555758588,0.9908547214149468,-0.007658734160912006
scene_lift_and_relocate_v03,scene_rotate_v04,L3,R4,LIFT_AND_RELOCATE,ROTATE,False,False,False,False,0.998160955175756,0.9902343301186943,-0.007926625057061654
scene_lift_and_relocate_v03,scene_rotate_v05,L3,R5,LIFT_AND_RELOCATE,ROTATE,False,False,False,False,0.9989344496820192,0.9910497552010443,-0.007884694480974841
scene_lift_and_relocate_v03,scene_translate_v01,L3,T1,LIFT_AND_RELOCATE,TRANSLATE,False,False,False,False,0.9970101672759591,0.9917304533054642,-0.005279713970494981
scene_lift_and_relocate_v03,scene_translate_v02,L3,T2,LIFT_AND_RELOCATE,TRANSLATE,False,False,False,False,0.9987088354900182,0.9883874010782132,-0.010321434411804997
scene_lift_and_relocate_v03,scene_translate_v03,L3,T3,LIFT_AND_RELOCATE,TRANSLATE,False,False,False,False,0.9987278953999277,0.9916625527935069,-0.007065342606420777
scene_lift_and_relocate_v03,scene_translate_v04,L3,T4,LIFT_AND_RELOCATE,TRANSLATE,False,False,False,False,0.9984131718747731,0.993399592759803,-0.005013579114970024
scene_lift_and_relocate_v03,scene_translate_v05,L3,T5,LIFT_AND_RELOCATE,TRANSLATE,False,False,False,False,0.9980270637826869,0.9930228645534458,-0.005004199229241113
scene_lift_and_relocate_v04,scene_lift_and_relocate_v05,L4,L5,LIFT_AND_RELOCATE,LIFT_AND_RELOCATE,False,False,False,False,0.9990059528902528,0.9920960466582494,-0.006909906232003493
scene_lift_and_relocate_v04,scene_rotate_v01,L4,R1,LIFT_AND_RELOCATE,ROTATE,False,False,False,False,0.9990590995591047,0.989919195410705,-0.009139904148399602
scene_lift_and_relocate_v04,scene_rotate_v02,L4,R2,LIFT_AND_RELOCATE,ROTATE,False,False,False,False,0.9991229782299672,0.9862320729979058,-0.012890905232061378
scene_lift_and_relocate_v04,scene_rotate_v03,L4,R3,LIFT_AND_RELOCATE,ROTATE,False,False,False,False,0.9991239949047005,0.9915057309373294,-0.007618263967371086
scene_lift_and_relocate_v04,scene_rotate_v04,L4,R4,LIFT_AND_RELOCATE,ROTATE,False,False,False,False,0.9992527983887061,0.9877102875031629,-0.011542510885543145
scene_lift_and_relocate_v04,scene_rotate_v05,L4,R5,LIFT_AND_RELOCATE,ROTATE,False,False,False,False,0.9982238681712031,0.9891370319484647,-0.009086836222738426
scene_lift_and_relocate_v04,scene_translate_v01,L4,T1,LIFT_AND_RELOCATE,TRANSLATE,False,False,False,False,0.997787889036682,0.9892271851444876,-0.008560703892194432
scene_lift_and_relocate_v04,scene_translate_v02,L4,T2,LIFT_AND_RELOCATE,TRANSLATE,False,False,False,False,0.9982457079556178,0.9902356582242977,-0.008010049731320135
scene_lift_and_relocate_v04,scene_translate_v03,L4,T3,LIFT_AND_RELOCATE,TRANSLATE,False,False,False,False,0.9983532249448568,0.9870841894571092,-0.011269035487747603
scene_lift_and_relocate_v04,scene_translate_v04,L4,T4,LIFT_AND_RELOCATE,TRANSLATE,False,False,False,False,0.9981589536996545,0.9922525217213021,-0.005906431978352389
scene_lift_and_relocate_v04,scene_translate_v05,L4,T5,LIFT_AND_RELOCATE,TRANSLATE,False,False,False,False,0.9992878002574441,0.9930757426276858,-0.006212057629758294
scene_lift_and_relocate_v05,scene_rotate_v01,L5,R1,LIFT_AND_RELOCATE,ROTATE,False,False,False,False,0.998681715323175,0.9945042111590603,-0.004177504164114665
scene_lift_and_relocate_v05,scene_rotate_v02,L5,R2,LIFT_AND_RELOCATE,ROTATE,False,False,False,False,0.9990398508517409,0.9895578069083992,-0.009482043943341623
scene_lift_and_relocate_v05,scene_rotate_v03,L5,R3,LIFT_AND_RELOCATE,ROTATE,False,False,False,False,0.9988286447430322,0.9885907678578407,-0.01023787688519151
scene_lift_and_relocate_v05,scene_rotate_v04,L5,R4,LIFT_AND_RELOCATE,ROTATE,False,False,False,False,0.9989796015237533,0.9931977534604925,-0.005781848063260764
scene_lift_and_relocate_v05,scene_rotate_v05,L5,R5,LIFT_AND_RELOCATE,ROTATE,False,False,False,False,0.998359438174183,0.9928903674435108,-0.005469070730672265
scene_lift_and_relocate_v05,scene_translate_v01,L5,T1,LIFT_AND_RELOCATE,TRANSLATE,False,False,False,False,0.9977418977142583,0.992456072946414,-0.005285824767844227
scene_lift_and_relocate_v05,scene_translate_v02,L5,T2,LIFT_AND_RELOCATE,TRANSLATE,False,False,False,False,0.9979687086307297,0.9923142241908844,-0.0056544844398452865
scene_lift_and_relocate_v05,scene_translate_v03,L5,T3,LIFT_AND_RELOCATE,TRANSLATE,False,False,False,False,0.9981679035012729,0.9944435629762233,-0.003724340525049663
scene_lift_and_relocate_v05,scene_translate_v04,L5,T4,LIFT_AND_RELOCATE,TRANSLATE,False,False,False,False,0.9976141109901665,0.991786081303571,-0.0058280296865954595
scene_lift_and_relocate_v05,scene_translate_v05,L5,T5,LIFT_AND_RELOCATE,TRANSLATE,False,False,False,False,0.9987141485547432,0.994901090946264,-0.0038130576084791645
scene_rotate_v01,scene_rotate_v02,R1,R2,ROTATE,ROTATE,False,False,False,False,0.9994358954301052,0.9967841979489678,-0.0026516974811374716
scene_rotate_v01,scene_rotate_v03,R1,R3,ROTATE,ROTATE,False,False,False,False,0.9989218353858492,0.9949525391576588,-0.003969296228190422
scene_rotate_v01,scene_rotate_v04,R1,R4,ROTATE,ROTATE,False,False,False,False,0.9993739455137003,0.9981140125834749,-0.0012599329302254159
scene_rotate_v01,scene_rotate_v05,R1,R5,ROTATE,ROTATE,False,False,False,False,0.9979723673006655,0.9977584020147039,-0.0002139652859616259
scene_rotate_v01,scene_translate_v01,R1,T1,ROTATE,TRANSLATE,False,False,False,False,0.9980501736513829,0.9866010996677979,-0.011449073983585079
scene_rotate_v01,scene_translate_v02,R1,T2,ROTATE,TRANSLATE,False,False,False,False,0.9976114481436839,0.9834958875865838,-0.01411556055710006
scene_rotate_v01,scene_translate_v03,R1,T3,ROTATE,TRANSLATE,False,False,False,False,0.9978229911436924,0.9970515303085252,-0.0007714608351672148
scene_rotate_v01,scene_translate_v04,R1,T4,ROTATE,TRANSLATE,False,False,False,False,0.9977636598858567,0.9951029803139984,-0.0026606795718583376
scene_rotate_v01,scene_translate_v05,R1,T5,ROTATE,TRANSLATE,False,False,False,False,0.9986931632406122,0.9952808155350699,-0.003412347705542329
scene_rotate_v02,scene_rotate_v03,R2,R3,ROTATE,ROTATE,False,False,False,False,0.9989791470914631,0.9947387034714427,-0.0042404436200204065
scene_rotate_v02,scene_rotate_v04,R2,R4,ROTATE,ROTATE,False,False,False,False,0.9995673499177288,0.9981804021417195,-0.0013869477760092286
scene_rotate_v02,scene_rotate_v05,R2,R5,ROTATE,ROTATE,False,False,False,False,0.9982389505085981,0.996828667866958,-0.0014102826416401149
scene_rotate_v02,scene_translate_v01,R2,T1,ROTATE,TRANSLATE,False,False,False,False,0.9981538190006944,0.9812991385758469,-0.0168546804248475
scene_rotate_v02,scene_translate_v02,R2,T2,ROTATE,TRANSLATE,False,False,False,False,0.9978324862498094,0.9765836962444383,-0.021248790005371054
scene_rotate_v02,scene_translate_v03,R2,T3,ROTATE,TRANSLATE,False,False,False,False,0.9981670290865992,0.9962089197871217,-0.001958109299477484
scene_rotate_v02,scene_translate_v04,R2,T4,ROTATE,TRANSLATE,False,False,False,False,0.9977987359833383,0.9944009029057548,-0.0033978330775835675
scene_rotate_v02,scene_translate_v05,R2,T5,ROTATE,TRANSLATE,False,False,False,False,0.9989327831852612,0.9947230926962358,-0.004209690489025419
scene_rotate_v03,scene_rotate_v04,R3,R4,ROTATE,ROTATE,False,False,False,False,0.9990381310170089,0.9940318365846648,-0.005006294432344127
scene_rotate_v03,scene_rotate_v05,R3,R5,ROTATE,ROTATE,False,False,False,False,0.9985083994614925,0.994343948320087,-0.004164451141405512
scene_rotate_v03,scene_translate_v01,R3,T1,ROTATE,TRANSLATE,False,False,False,False,0.9975033836451435,0.9831059405592641,-0.014397443085879313
scene_rotate_v03,scene_translate_v02,R3,T2,ROTATE,TRANSLATE,False,False,False,False,0.9980900001448594,0.9798997425754667,-0.01819025756939263
scene_rotate_v03,scene_translate_v03,R3,T3,ROTATE,TRANSLATE,False,False,False,False,0.9986174600944453,0.9930130625964548,-0.005604397497990465
scene_rotate_v03,scene_translate_v04,R3,T4,ROTATE,TRANSLATE,False,False,False,False,0.9983089462521768,0.9968234570447477,-0.0014854892074290804
scene_rotate_v03,scene_translate_v05,R3,T5,ROTATE,TRANSLATE,False,False,False,False,0.9988438962086673,0.9942432003585255,-0.004600695850141778
scene_rotate_v04,scene_rotate_v05,R4,R5,ROTATE,ROTATE,False,False,False,False,0.9982763443986289,0.9973021550658,-0.0009741893328288898
scene_rotate_v04,scene_translate_v01,R4,T1,ROTATE,TRANSLATE,False,False,False,False,0.9980638798164032,0.9858440331744706,-0.012219846641932652
scene_rotate_v04,scene_translate_v02,R4,T2,ROTATE,TRANSLATE,False,False,False,False,0.9980009899509246,0.9818551410838946,-0.016145848867029966
scene_rotate_v04,scene_translate_v03,R4,T3,ROTATE,TRANSLATE,False,False,False,False,0.9983258406389126,0.9977352115809497,-0.0005906290579629214
scene_rotate_v04,scene_translate_v04,R4,T4,ROTATE,TRANSLATE,False,False,False,False,0.9980130847651911,0.9953797113910647,-0.002633373374126391
scene_rotate_v04,scene_translate_v05,R4,T5,ROTATE,TRANSLATE,False,False,False,False,0.9991435429485086,0.9956916481570346,-0.0034518947914740084
scene_rotate_v05,scene_translate_v01,R5,T1,ROTATE,TRANSLATE,False,False,False,False,0.9971332026494958,0.9841203991702269,-0.01301280347926892
scene_rotate_v05,scene_translate_v02,R5,T2,ROTATE,TRANSLATE,False,False,False,False,0.9987429599925004,0.9805506618253496,-0.018192298167150844
scene_rotate_v05,scene_translate_v03,R5,T3,ROTATE,TRANSLATE,False,False,False,False,0.9990856850474197,0.9963956344640904,-0.002690050583329273
scene_rotate_v05,scene_translate_v04,R5,T4,ROTATE,TRANSLATE,False,False,False,False,0.9989091379437225,0.9941434207895109,-0.004765717154211591
scene_rotate_v05,scene_translate_v05,R5,T5,ROTATE,TRANSLATE,False,False,False,False,0.9981243074768161,0.9947581520467519,-0.0033661554300642438
scene_translate_v01,scene_translate_v02,T1,T2,TRANSLATE,TRANSLATE,False,False,False,False,0.9975896699776696,0.9923343973368114,-0.005255272640858233
scene_translate_v01,scene_translate_v03,T1,T3,TRANSLATE,TRANSLATE,False,False,False,False,0.9973928019426586,0.9867256404286957,-0.010667161513962853
scene_translate_v01,scene_translate_v04,T1,T4,TRANSLATE,TRANSLATE,False,False,False,False,0.9972614914799245,0.9899146357284605,-0.007346855751463988
scene_translate_v01,scene_translate_v05,T1,T5,TRANSLATE,TRANSLATE,False,False,False,False,0.9977174794775854,0.9897349573257633,-0.007982522151822047
scene_translate_v02,scene_translate_v03,T2,T3,TRANSLATE,TRANSLATE,False,False,False,False,0.9990250554688371,0.9836968766277451,-0.015328178841092055
scene_translate_v02,scene_translate_v04,T2,T4,TRANSLATE,TRANSLATE,False,False,False,False,0.9993126017828722,0.9856812769373493,-0.013631324845522874
scene_translate_v02,scene_translate_v05,T2,T5,TRANSLATE,TRANSLATE,False,False,False,False,0.9983857416634878,0.988197270606422,-0.010188471057065773
scene_translate_v03,scene_translate_v04,T3,T4,TRANSLATE,TRANSLATE,False,False,False,False,0.9993279334849028,0.995071636906999,-0.004256296577903829
scene_translate_v03,scene_translate_v05,T3,T5,TRANSLATE,TRANSLATE,False,False,False,False,0.998373948141664,0.9954191357568081,-0.0029548123848559538
scene_translate_v04,scene_translate_v05,T4,T5,TRANSLATE,TRANSLATE,False,False,False,False,0.9983688708254045,0.996423315729493,-0.0019455550959114332
