query_id,target_color,scope,calls,instances,matching_id_set_exact_pct,matching_micro_precision_pct,matching_micro_recall_pct,matching_micro_f1_pct,request_constraints_exact_pct,semantic_id_set_exact_pct,semantic_object_accuracy_pct,semantic_basic_color_accuracy_pct,semantic_perceptual_color_accuracy_pct,semantic_joint_accuracy_pct,semantic_perceptual_joint_accuracy_pct,semantic_scene_joint_exact_pct,semantic_perceptual_scene_joint_exact_pct,type_flag_accuracy_pct,color_flag_accuracy_pct,match_flag_accuracy_pct,logical_rule_scene_exact_pct,aggregation_exact_pct,absent_false_positive_rate_pct,parse_failures,scene_queries_5of5,scene_queries_1to4of5,scene_queries_0of5
Q1_5_COLOR_ONLY_PRESENT,blue,Q1_5_COLOR_ONLY_PRESENT_blue,85,635,48.235,80.169,100.0,88.993,100.0,100.0,99.685,85.354,100.0,85.039,99.685,30.588,97.647,100.0,92.598,92.598,100.0,100.0,0.0,0,8,1,8
Q1_5_COLOR_ONLY_PRESENT,brown,Q1_5_COLOR_ONLY_PRESENT_brown,50,320,100.0,100.0,100.0,100.0,100.0,100.0,100.0,96.875,100.0,96.875,100.0,80.0,100.0,100.0,100.0,100.0,100.0,100.0,0.0,0,10,0,0
Q1_5_COLOR_ONLY_PRESENT,green,Q1_5_COLOR_ONLY_PRESENT_green,30,250,100.0,100.0,100.0,100.0,100.0,100.0,100.0,86.0,100.0,86.0,100.0,16.667,100.0,100.0,100.0,100.0,100.0,100.0,0.0,0,6,0,0
Q1_5_COLOR_ONLY_PRESENT,pink,Q1_5_COLOR_ONLY_PRESENT_pink,25,205,100.0,100.0,100.0,100.0,100.0,100.0,100.0,75.61,100.0,75.61,100.0,0.0,100.0,100.0,100.0,100.0,100.0,100.0,0.0,0,5,0,0
Q1_5_COLOR_ONLY_PRESENT,purple,Q1_5_COLOR_ONLY_PRESENT_purple,30,250,33.333,88.889,66.667,76.19,100.0,100.0,100.0,70.4,100.0,70.4,100.0,0.0,100.0,100.0,90.0,90.0,100.0,100.0,0.0,0,2,0,4
Q1_5_COLOR_ONLY_PRESENT,yellow,Q1_5_COLOR_ONLY_PRESENT_yellow,80,640,58.75,100.0,78.286,87.821,100.0,100.0,100.0,80.938,100.0,80.938,100.0,31.25,100.0,100.0,94.062,94.062,100.0,100.0,0.0,0,9,1,6
Q2_CATEGORY_COLOR_PRESENT,blue,Q2_CATEGORY_COLOR_PRESENT_blue,85,635,84.706,87.786,100.0,93.496,100.0,100.0,100.0,84.882,100.0,84.882,100.0,29.412,100.0,100.0,92.756,97.48,100.0,100.0,0.0,0,14,1,2
Q2_CATEGORY_COLOR_PRESENT,brown,Q2_CATEGORY_COLOR_PRESENT_brown,50,320,100.0,100.0,100.0,100.0,100.0,100.0,100.0,96.875,100.0,96.875,100.0,80.0,100.0,100.0,100.0,100.0,100.0,100.0,0.0,0,10,0,0
Q2_CATEGORY_COLOR_PRESENT,green,Q2_CATEGORY_COLOR_PRESENT_green,30,250,100.0,100.0,100.0,100.0,100.0,100.0,100.0,86.0,100.0,86.0,100.0,16.667,100.0,100.0,100.0,100.0,100.0,100.0,0.0,0,6,0,0
Q2_CATEGORY_COLOR_PRESENT,pink,Q2_CATEGORY_COLOR_PRESENT_pink,25,205,100.0,100.0,100.0,100.0,100.0,100.0,100.0,78.537,100.0,78.537,100.0,0.0,100.0,100.0,100.0,100.0,100.0,100.0,0.0,0,5,0,0
Q2_CATEGORY_COLOR_PRESENT,purple,Q2_CATEGORY_COLOR_PRESENT_purple,30,250,50.0,75.0,50.0,60.0,100.0,100.0,100.0,75.2,100.0,75.2,100.0,0.0,100.0,100.0,91.6,92.0,100.0,100.0,0.0,0,3,0,3
Q2_CATEGORY_COLOR_PRESENT,yellow,Q2_CATEGORY_COLOR_PRESENT_yellow,80,640,87.5,100.0,90.0,94.737,100.0,100.0,100.0,83.438,100.0,83.438,100.0,28.75,100.0,100.0,96.719,98.438,100.0,100.0,0.0,0,14,0,2
Q3_HARD_NEGATIVE_ABSENT,black,Q3_HARD_NEGATIVE_ABSENT_black,40,295,87.5,,,,100.0,100.0,98.305,90.169,100.0,88.475,98.305,50.0,87.5,98.305,98.644,98.305,100.0,100.0,12.5,0,7,0,1
Q3_HARD_NEGATIVE_ABSENT,blue,Q3_HARD_NEGATIVE_ABSENT_blue,35,270,51.429,,,,100.0,100.0,99.259,76.667,100.0,75.926,99.259,42.857,94.286,99.259,94.444,93.704,100.0,100.0,48.571,0,3,1,3
Q3_HARD_NEGATIVE_ABSENT,brown,Q3_HARD_NEGATIVE_ABSENT_brown,40,320,100.0,,,,100.0,100.0,100.0,76.25,100.0,76.25,100.0,12.5,100.0,100.0,82.812,100.0,100.0,100.0,0.0,0,8,0,0
Q3_HARD_NEGATIVE_ABSENT,green,Q3_HARD_NEGATIVE_ABSENT_green,35,275,100.0,,,,100.0,100.0,100.0,90.909,100.0,90.909,100.0,42.857,100.0,100.0,100.0,100.0,100.0,100.0,0.0,0,7,0,0
Q3_HARD_NEGATIVE_ABSENT,orange,Q3_HARD_NEGATIVE_ABSENT_orange,5,40,100.0,,,,100.0,100.0,100.0,75.0,100.0,75.0,100.0,0.0,100.0,100.0,87.5,100.0,100.0,100.0,0.0,0,1,0,0
Q3_HARD_NEGATIVE_ABSENT,pink,Q3_HARD_NEGATIVE_ABSENT_pink,35,280,100.0,,,,100.0,100.0,100.0,90.0,100.0,90.0,100.0,28.571,100.0,97.857,100.0,100.0,91.429,100.0,0.0,0,7,0,0
Q3_HARD_NEGATIVE_ABSENT,purple,Q3_HARD_NEGATIVE_ABSENT_purple,35,255,91.429,,,,100.0,100.0,100.0,87.451,100.0,87.451,100.0,28.571,100.0,100.0,95.294,98.824,100.0,100.0,8.571,0,6,1,0
Q3_HARD_NEGATIVE_ABSENT,white,Q3_HARD_NEGATIVE_ABSENT_white,40,300,100.0,,,,100.0,100.0,100.0,82.333,100.0,82.333,100.0,37.5,100.0,100.0,100.0,100.0,100.0,100.0,0.0,0,8,0,0
Q3_HARD_NEGATIVE_ABSENT,yellow,Q3_HARD_NEGATIVE_ABSENT_yellow,35,265,100.0,,,,100.0,100.0,100.0,77.736,100.0,77.736,100.0,14.286,100.0,100.0,100.0,100.0,100.0,100.0,0.0,0,7,0,0
